team_lead,total_resolved_tickets,avg_resolution_minutes
TL01,3194,97.38603631809643
TL02,4397,96.63406868319309
TL03,3912,97.08256646216769
TL04,3441,97.73408892763732
TL05,3044,97.66360052562418
TL06,3826,98.26555148980658
TL07,3165,98.97472353870458
TL08,3313,97.05553878659825
